,VR,VFA,RPA,RCA,OA
MatthewEntwistle_DontYouEver,0.8929594272076372,0.4652814775350737,0.29988066825775656,0.4372315035799523,0.434528052133184
MatthewEntwistle_FairerHopes,0.6811925785578952,0.49945350596939636,0.08479605333714653,0.2225717656311443,0.27586406754119897
MatthewEntwistle_TheArch,0.9306573005519317,0.4186665637780693,0.5600602107375815,0.577922729553437,0.5720860233816087
MatthewEntwistle_Lontano,0.8628315910326908,0.696238622655993,0.12780228412592906,0.2030636292223095,0.19031478884213807
MusicDelta_CoolJazz,0.6780309936189608,0.35488813974869754,0.23400182315405652,0.26189608021877847,0.3873456790123457
MatthewEntwistle_TheFlaxenField,0.7826152759560084,0.5739905318852687,0.18701442841287458,0.25572596105337503,0.3410069618890404
MatthewEntwistle_ImpressionsOfSaturn,0.7733284349742836,0.5404709736433448,0.1645236345824149,0.21748714180749448,0.3834641069765239
