,VR,VFA,RPA,RCA,OA
count,7.0,7.0,7.0,7.0,7.0
mean,0.800230800271344,0.5069985450308347,0.23686844322967993,0.31084268729521297,0.36922995425372
std,0.09972083045761554,0.1111736572526061,0.15873054188328276,0.1419288815770307,0.12074047889988886
min,0.6780309936189608,0.35488813974869754,0.08479605333714653,0.2030636292223095,0.19031478884213807
25%,0.7272605067660893,0.44197402065657154,0.14616295935417198,0.2200294537193194,0.30843551471511965
50%,0.7826152759560084,0.49945350596939636,0.18701442841287458,0.25572596105337503,0.3834641069765239
75%,0.877895509120164,0.5572307527643068,0.26694124570590655,0.3495637918993654,0.4109368655727649
max,0.9306573005519317,0.696238622655993,0.5600602107375815,0.577922729553437,0.5720860233816087
