,test,train
accuracy,0.750074382624,0.687587447531
auc score,0.757253968412,0.815364538106
confusion matrix,"[[4847 1546]
 [ 134  195]]","[[5991 2902]
 [ 224  889]]"
f1,[ 0.85229471  0.1884058 ],[ 0.79308975  0.36256117]
mcc,0.172802090723,0.306196882339
precision,[ 0.97309777  0.1120046 ],[ 0.96395817  0.23450277]
recall,[ 0.758173    0.59270517],[ 0.67367592  0.79874214]
support,[6393  329],[8893 1113]
