,test,train
accuracy,0.901830024814,0.999906559522
auc score,0.712146256753,1.0
confusion matrix,"[[5790  190]
 [ 443   25]]","[[9132    0]
 [   1 1569]]"
f1,[ 0.94816998  0.07320644],[ 0.99994525  0.99968143]
mcc,0.0312815278772,0.99962674735
precision,[ 0.92892668  0.11627907],[ 0.99989051  1.        ]
recall,[ 0.96822742  0.0534188 ],[ 1.          0.99936306]
support,[5980  468],[9132 1570]
