,VR,VFA,RPA,RCA,OA
count,7.0,7.0,7.0,7.0,7.0
mean,0.8846601953053342,0.5197156101674079,0.3388516783717469,0.41189482316368486,0.41649604888449226
std,0.0853629522516319,0.11378483739017412,0.2567884523792237,0.221407311224552,0.1854186214706722
min,0.778464948343045,0.3163907670785731,0.1272282313130703,0.20581304006284368,0.21224871435250117
25%,0.8100116796330656,0.4691818752713299,0.16334039883789953,0.26110579108758125,0.313297595283507
50%,0.9045432280186138,0.5214881903747114,0.20064903257408767,0.2798055267579452,0.3382327402472332
75%,0.9515316136310021,0.6141544736046236,0.4638057485207774,0.541393445076862,0.4917547581467472
max,0.9865266042475451,0.6334576159666631,0.7897921899977164,0.7926467229961178,0.7548861807312026
