,VR,VFA,RPA,RCA,OA
count,7.0,7.0,7.0,7.0,7.0
mean,0.8486989332394657,0.47889625947905123,0.3174680434272802,0.39009862187651073,0.4325946613208225
std,0.0898253698004297,0.12853265996931107,0.25920423202274656,0.22004908874533077,0.18292707097397165
min,0.7310263468344474,0.30869666588948474,0.11561148250098309,0.20611517312224303,0.19173679289387563
25%,0.7929454060066752,0.3991667389304653,0.1560156882461597,0.24358791789700224,0.3502621497042262
50%,0.8424821002386634,0.4500976735926123,0.18408838664110586,0.2701543739279588,0.374433621193224
75%,0.9057614803664902,0.5507422066550722,0.4185403985548465,0.4954059973630859,0.5075063959834804
max,0.9699703128568167,0.6936615857001864,0.77346426124686,0.7764329755651975,0.7464551237832452
