,test,train
accuracy,0.747518610422,0.723976826761
auc score,0.781560670026,0.8505504611
confusion matrix,"[[4725 1569]
 [  59   95]]","[[7172 2838]
 [ 116  576]]"
f1,[ 0.85304207  0.10451045],[ 0.82922881  0.28056503]
mcc,0.128269889838,0.289594661014
precision,[ 0.98766722  0.05709135],[ 0.98408342  0.16871705]
recall,[ 0.75071497  0.61688312],[ 0.71648352  0.83236994]
support,[6294  154],[10010   692]
