,VR,VFA,RPA,RCA,OA
Wolf_DieBekherte,0.8038664663985658,0.30417963165419226,0.5784679490285382,0.6089442317941761,0.6213648939440517
Mozart_BesterJungling,0.7916943521594685,0.49606299212598426,0.42552602436323367,0.49966777408637875,0.45673044869657975
Schumann_Mignon,0.8402396026841567,0.6910216390667161,0.5475982863858665,0.5693217575918413,0.4479879853350413
Handel_TornamiAVagheggiar,0.7327416624731232,0.5519719755994443,0.48190676609176997,0.5207466032297909,0.46730528946272387
Schubert_Erstarrung,0.9257393352525517,0.6012813522355507,0.15774666317717875,0.2096964145511646,0.2757711309921218
MusicDelta_Gospel,0.986412422927609,0.2793191886220564,0.7897921899977164,0.7926467229961178,0.7670728903196137
Debussy_LenfantProdigue,0.9156600043927081,0.48421320119433325,0.21256314517900285,0.3042828904019328,0.3365189840544331
Mozart_DiesBildnis,0.8573560251653493,0.47724175524666124,0.2154379738667527,0.294361993869979,0.3297020672882043
