,test,train
accuracy,0.902471737881,1.0
auc score,0.637320300178,1.0
confusion matrix,"[[4710    2]
 [ 507    0]]","[[10482     0]
 [    0   589]]"
f1,[ 0.94873603  0.        ],[ 1.  1.]
mcc,-0.00642252669761,1.0
precision,[ 0.90281771  0.        ],[ 1.  1.]
recall,[ 0.99957555  0.        ],[ 1.  1.]
support,[4712  507],[10482   589]
