,VR,VFA,RPA,RCA,OA
count,8.0,8.0,8.0,8.0,8.0
mean,0.8567137339316916,0.4856614669681173,0.4261298747612574,0.4749585485651727,0.4628067112615962
std,0.0825678803843129,0.1391976061141413,0.21887848651255717,0.1936855854494019,0.16328900864154888
min,0.7327416624731232,0.2793191886220564,0.15774666317717875,0.2096964145511646,0.2757711309921218
25%,0.8008234378387915,0.433976224348544,0.21471926669481525,0.30180266626894436,0.3348147548628759
50%,0.848797813924753,0.49013809666015873,0.45371639522750185,0.5102071886580848,0.4523592170158105
75%,0.9181798371076689,0.5642993197584709,0.5553157020465345,0.579227376142425,0.5058201905830558
max,0.986412422927609,0.6910216390667161,0.7897921899977164,0.7926467229961178,0.7670728903196137
