,test,train
accuracy,0.705115922591,0.687923403487
auc score,0.683764730111,0.805438152687
confusion matrix,"[[3454 1258]
 [ 281  226]]","[[7158 3324]
 [ 131  458]]"
f1,[ 0.81780514  0.2270216 ],[ 0.80558213  0.20956303]
mcc,0.117372619813,0.217916530776
precision,[ 0.92476573  0.15229111],[ 0.98202771  0.12109995]
recall,[ 0.73302207  0.44575937],[ 0.68288495  0.77758913]
support,[4712  507],[10482   589]
