,VR,VFA,RPA,RCA,OA
MusicDelta_CoolJazz,0.5838650865998177,0.30692614158749615,0.19817684594348223,0.2275296262534184,0.3827732053040695
HezekiahJones_BorrowedHeart,0.38990792430943233,0.30277108866764907,0.05270789530921482,0.19256144421083157,0.48361207227989234
