,test,train
accuracy,0.974662162162,1.0
auc score,0.646907148856,1.0
confusion matrix,"[[1731    1]
 [  44    0]]","[[16404     0]
 [    0   831]]"
f1,[ 0.98716852  0.        ],[ 1.  1.]
mcc,-0.00378314699047,1.0
precision,[ 0.97521127  0.        ],[ 1.  1.]
recall,[ 0.99942263  0.        ],[ 1.  1.]
support,[1732   44],[16404   831]
