,VR,VFA,RPA,RCA,OA
count,2.0,2.0,2.0,2.0,2.0
mean,0.48688650545462503,0.3048486151275726,0.12544237062634853,0.210045535232125,0.4331926387919809
std,0.13714842471523125,0.0029380660958128343,0.10286208144558161,0.02472623864807881,0.07130384664577254
min,0.38990792430943233,0.30277108866764907,0.05270789530921482,0.19256144421083157,0.3827732053040695
25%,0.43839721488202865,0.30380985189761084,0.08907513296778166,0.2013034897214783,0.4079829220480252
50%,0.48688650545462503,0.3048486151275726,0.12544237062634853,0.210045535232125,0.4331926387919809
75%,0.5353757960272214,0.3058873783575344,0.16180960828491536,0.2187875807427717,0.45840235553593667
max,0.5838650865998177,0.30692614158749615,0.19817684594348223,0.2275296262534184,0.48361207227989234
