,test,train
accuracy,0.752252252252,0.70043516101
auc score,0.665993071594,0.825117497978
confusion matrix,"[[1319  413]
 [  27   17]]","[[11422  4982]
 [  181   650]]"
f1,[ 0.85705003  0.07172996],[ 0.81565323  0.20114498]
mcc,0.0536715256132,0.218537559209
precision,[ 0.97994056  0.03953488],[ 0.98440059  0.11541193]
recall,[ 0.76154734  0.38636364],[ 0.69629359  0.78219013]
support,[1732   44],[16404   831]
