,test,train
accuracy,0.902605459057,0.999912126538
auc score,0.708719771032,1.0
confusion matrix,"[[5795  185]
 [ 443   25]]","[[9802    0]
 [   1 1577]]"
f1,[ 0.94860043  0.07374631],[ 0.99994899  0.99968304]
mcc,0.0328611579467,0.999632103073
precision,[ 0.92898365  0.11904762],[ 0.99989799  1.        ]
recall,[ 0.96906355  0.0534188 ],[ 1.          0.99936629]
support,[5980  468],[9802 1578]
