,VR,VFA,RPA,RCA,OA
count,7.0,7.0,7.0,7.0,7.0
mean,0.8230565626927568,0.45272569895606435,0.3207993031212502,0.39241947752347295,0.4448694624627569
std,0.12546802315169797,0.10217275084693508,0.2645604350296909,0.2276781606643288,0.17882563511771768
min,0.6504843956672506,0.30613196549312194,0.10613806170235585,0.19161278627107378,0.2307347670250896
25%,0.7337654450855895,0.3952786291636622,0.14747641403499911,0.24403477998022716,0.33890885443448
50%,0.8343742346313985,0.4049309360290146,0.18926034778349252,0.2525292246094448,0.38977913199981057
75%,0.911296997725931,0.5502155250124168,0.43272584714759416,0.5110390244136099,0.5287480129175263
max,0.986412422927609,0.5670286828181565,0.7897921899977164,0.7926467229961178,0.7582586035103855
