,VR,VFA,RPA,RCA,OA
count,7.0,7.0,7.0,7.0,7.0
mean,0.7507376628081854,0.411932015041438,0.27482358628814046,0.3531057828151683,0.446052708565309
std,0.12828054212353557,0.1268318451241592,0.257360926696873,0.21563575628922732,0.16522955560267852
min,0.6092303292460587,0.25996735835859175,0.0902298645122082,0.19478518339476705,0.22155991896524857
25%,0.6735278728924057,0.3132720908843843,0.10812963988767861,0.23084867380214147,0.35077728032698274
50%,0.7040661890828372,0.4009182807315379,0.14514176167894258,0.23625264857229342,0.434528052133184
75%,0.8166731237978871,0.5044842515477478,0.3843315429622095,0.4314871214079059,0.5246181386060997
max,0.9614651279478174,0.5871257813356727,0.7034711121260562,0.7160310573190226,0.7154901509925653
