,test,train
accuracy,0.742400744417,0.707117750439
auc score,0.793470188685,0.836465472208
confusion matrix,"[[4731 1636]
 [  25   56]]","[[7715 3258]
 [  75  332]]"
f1,[ 0.85066978  0.06316977],[ 0.82236316  0.16612459]
mcc,0.109973177468,0.207326974233
precision,[ 0.99474348  0.03309693],[ 0.99037227  0.09247911]
recall,[ 0.7430501   0.69135802],[ 0.7030894   0.81572482]
support,[6367   81],[10973   407]
