,VR,VFA,RPA,RCA,OA
MatthewEntwistle_DontYouEver,0.9862768496420048,0.5538092701118806,0.33460620525059664,0.4788782816229117,0.3985846655126769
MatthewEntwistle_FairerHopes,0.8995459907768205,0.6090886161089625,0.09087334215136024,0.23082972866692883,0.22876296825795484
MatthewEntwistle_TheArch,0.9681886603110889,0.5044756539856471,0.583492222779729,0.6026091319618665,0.5337637410574071
MatthewEntwistle_Lontano,0.9431687715269805,0.7981138282706437,0.13124660100308175,0.21421233911414586,0.15634252766090073
MusicDelta_CoolJazz,0.8511394712853236,0.7018081520073552,0.22634457611668185,0.2601640838650866,0.25314357567443985
MatthewEntwistle_TheFlaxenField,0.9250327918474422,0.6744082428292955,0.20870749672081526,0.29608515790535767,0.2840199526304457
MatthewEntwistle_ImpressionsOfSaturn,0.9631398481508695,0.7190537982088536,0.2009551800146951,0.2535513103110458,0.2603211190224341
