,test,train
accuracy,0.524695031241,1.0
auc score,0.563512642867,1.0
confusion matrix,"[[1676 2215]
 [ 980 1851]]","[[3891    0]
 [   0 6115]]"
f1,[ 0.51199022  0.53675511],[ 1.  1.]
mcc,0.0854122217236,1.0
precision,[ 0.6310241   0.45523856],[ 1.  1.]
recall,[ 0.4307376   0.65383257],[ 1.  1.]
support,[3891 2831],[3891 6115]
