,VR,VFA,RPA,RCA,OA
count,7.0,7.0,7.0,7.0,7.0
mean,0.9337846262200759,0.651536794503234,0.2537465177195657,0.33376143334962044,0.3021340785451799
std,0.046490075491714515,0.10171297940304357,0.16450467325745927,0.14803977049183192,0.12521316952112777
min,0.8511394712853236,0.5044756539856471,0.09087334215136024,0.21421233911414586,0.15634252766090073
25%,0.9122893913121314,0.5814489431104215,0.16610089050888843,0.2421905194889873,0.24095327196619734
50%,0.9431687715269805,0.6744082428292955,0.20870749672081526,0.2601640838650866,0.2603211190224341
75%,0.9656642542309792,0.7104309751081044,0.28047539068363925,0.3874817197641347,0.34130230907156134
max,0.9862768496420048,0.7981138282706437,0.583492222779729,0.6026091319618665,0.5337637410574071
