,VR,VFA,RPA,RCA,OA
MatthewEntwistle_DontYouEver,0.9721957040572793,0.48694725625998936,0.33460620525059664,0.47649164677804295,0.4369208838203849
MatthewEntwistle_FairerHopes,0.8802416616022594,0.6227930048764083,0.14274478961856074,0.28716977085046297,0.2504974787967775
MatthewEntwistle_TheArch,0.9845960863020572,0.5351107338529207,0.6035122930255896,0.621726041144004,0.5251483161751875
MatthewEntwistle_Lontano,0.9547706810079158,0.7624739554775743,0.1321227868753399,0.2155115112695631,0.16956911329281596
MusicDelta_Gospel,0.9865266042475451,0.3350431335975752,0.7897921899977164,0.7926467229961178,0.74875450295087
MatthewEntwistle_TheFlaxenField,0.9324992432650591,0.6748538011695906,0.21344970235092323,0.29366360609423875,0.28541950764372354
MatthewEntwistle_ImpressionsOfSaturn,0.976365417585109,0.7099278861494608,0.20511878520695567,0.25930688219446485,0.2681675376138678
