,test,train
accuracy,0.657413151365,0.724444029153
auc score,0.632867250087,0.790067902649
confusion matrix,"[[3402 1187]
 [1022  837]]","[[4556 1206]
 [1743 3197]]"
f1,[ 0.75490958  0.43110997],[ 0.75549291  0.68436262]
mcc,0.186997666748,0.443587054861
precision,[ 0.76898734  0.41353755],[ 0.72328941  0.72609584]
recall,[ 0.74133798  0.45024207],[ 0.79069767  0.64716599]
support,[4589 1859],[5762 4940]
