,VR,VFA,RPA,RCA,OA
count,7.0,7.0,7.0,7.0,7.0
mean,0.9553136282953177,0.58959282448336,0.34590667890366894,0.42093088304669923,0.38349676289908957
std,0.038114926359355636,0.14778365643120267,0.2542528556014222,0.21755719191463896,0.20112448174807318
min,0.8802416616022594,0.3350431335975752,0.1321227868753399,0.2155115112695631,0.16956911329281596
25%,0.9436349621364875,0.511028995056455,0.17393178741275822,0.27323832652246394,0.2593325082053226
50%,0.9721957040572793,0.6227930048764083,0.21344970235092323,0.29366360609423875,0.28541950764372354
75%,0.9804807519435831,0.6923908436595256,0.46905924913809316,0.5491088439610234,0.4810345999977862
max,0.9865266042475451,0.7624739554775743,0.7897921899977164,0.7926467229961178,0.74875450295087
