,test,train
accuracy,0.708948074344,0.666606449282
auc score,0.762251826643,0.758425527181
confusion matrix,"[[2867 1129]
 [ 390  833]]","[[6378 3278]
 [ 413 1002]]"
f1,[ 0.79056942  0.52307692],[ 0.77558217  0.35188762]
mcc,0.348564000544,0.252755928998
precision,[ 0.88025791  0.42456677],[ 0.93918421  0.23411215]
recall,[ 0.71746747  0.68111202],[ 0.66052196  0.70812721]
support,[3996 1223],[9656 1415]
