,VR,VFA,RPA,RCA,OA
count,7.0,7.0,7.0,7.0,7.0
mean,0.8292040456682306,0.44609337836716667,0.3239846549550404,0.3941215780073805,0.44990126132108027
std,0.11540918781033697,0.10956224321578945,0.2597743083145112,0.22417284614119243,0.17997502760771106
min,0.6654988739141315,0.2809512706924691,0.10299217102205699,0.1974137410115415,0.23102695963846034
25%,0.7491825259798002,0.3865912833651873,0.15613563314679818,0.24331353217259927,0.3434124364735842
50%,0.8354151359294636,0.4054144947032117,0.19170618504691755,0.25718898193925943,0.39179994000726226
75%,0.9131364010312945,0.5438566389216937,0.4392191884004517,0.5161410701177271,0.5390130151825512
max,0.9788764558118291,0.5753920386007237,0.7824845855218087,0.7853391185202101,0.7616310262895685
