,test,train
accuracy,0.729838709677,0.70237258348
auc score,0.770217663444,0.826065941648
confusion matrix,"[[4477 1620]
 [ 122  229]]","[[7019 3174]
 [ 213  974]]"
f1,[ 0.83713538  0.20818182],[ 0.8056241  0.3651359]
mcc,0.19400145741,0.323360568649
precision,[ 0.97347249  0.12385073],[ 0.97054757  0.23481196]
recall,[ 0.73429556  0.65242165],[ 0.68860983  0.82055602]
support,[6097  351],[10193  1187]
