,VR,VFA,RPA,RCA,OA
MatthewEntwistle_DontYouEver,0.8063245823389021,0.23610371159651927,0.2562052505966587,0.3945107398568019,0.547296609306588
MatthewEntwistle_FairerHopes,0.3996353626711472,0.22330586850512862,0.024988381653737533,0.16698244735995424,0.37045265740615524
MatthewEntwistle_TheArch,0.9074761665830406,0.3615248090130411,0.5555945810336177,0.5738083291520321,0.602447216890595
MatthewEntwistle_Lontano,0.6375611819445284,0.4015242899440728,0.10985558039760711,0.19983080548673635,0.28344631447717
MusicDelta_CoolJazz,0.6536918869644485,0.37925222188170393,0.19635369188696444,0.22825888787602552,0.354652491998171
MatthewEntwistle_TheFlaxenField,0.7472000807183937,0.485547201336675,0.16950862677832712,0.24957118353344768,0.39176774563984784
MatthewEntwistle_ImpressionsOfSaturn,0.7752265491060495,0.4940330574996277,0.1662380602498163,0.21583394562821454,0.4183704077927409
