,VR,VFA,RPA,RCA,OA
count,7.0,7.0,7.0,7.0,7.0
mean,0.7038736871895014,0.3687558799681097,0.21124916751381842,0.28982804841331605,0.4240619205016097
std,0.16247824589948426,0.10748885045949509,0.1681064646724179,0.14472981443309826,0.11221094721698302
min,0.3996353626711472,0.22330586850512862,0.024988381653737533,0.16698244735995424,0.28344631447717
25%,0.6456265344544885,0.2988142603047802,0.1380468203237117,0.20783237555747544,0.3625525747021631
50%,0.7472000807183937,0.37925222188170393,0.16950862677832712,0.22825888787602552,0.39176774563984784
75%,0.7907755657224758,0.4435357456403739,0.22627947124181158,0.3220409616951248,0.48283350854966445
max,0.9074761665830406,0.4940330574996277,0.5555945810336177,0.5738083291520321,0.602447216890595
