,test,train
accuracy,0.648765248438,0.677293623826
auc score,0.617516239247,0.731781908627
confusion matrix,"[[3498 1220]
 [1141  863]]","[[3725 1586]
 [1643 3052]]"
f1,[ 0.74767554  0.42231466],[ 0.69763086  0.65402336]
mcc,0.170191252795,0.35169838986
precision,[ 0.75404182  0.41430629],[ 0.69392697  0.65804226]
recall,[ 0.74141585  0.43063872],[ 0.70137451  0.65005325]
support,[4718 2004],[5311 4695]
