,VR,VFA,RPA,RCA,OA
MusicDelta_CoolJazz,0.5310847766636281,0.2418020226785167,0.18723792160437558,0.21814038286235188,0.4002057613168724
HezekiahJones_BorrowedHeart,0.4550134126005945,0.3014771951263343,0.07880809106068296,0.21525411440585804,0.4931276432141484
