,VR,VFA,RPA,RCA,OA
count,2.0,2.0,2.0,2.0,2.0
mean,0.49304909463211133,0.2716396089024255,0.13302300633252928,0.21669724863410494,0.4466667022655104
std,0.05379057738308166,0.04219671910632846,0.07667146846035329,0.002040899997911624,0.06570569281017936
min,0.4550134126005945,0.2418020226785167,0.07880809106068296,0.21525411440585804,0.4002057613168724
25%,0.4740312536163529,0.2567208157904711,0.1059155486966061,0.21597568151998148,0.42343623179119144
50%,0.49304909463211133,0.2716396089024255,0.13302300633252928,0.21669724863410494,0.4466667022655104
75%,0.5120669356478698,0.2865584020143799,0.16013046396845243,0.21741881574822844,0.4698971727398294
max,0.5310847766636281,0.3014771951263343,0.18723792160437558,0.21814038286235188,0.4931276432141484
