,test,train
accuracy,0.678490990991,0.698056280824
auc score,0.655649330272,0.787044553214
confusion matrix,"[[1106  479]
 [  92   99]]","[[10020  4494]
 [  710  2011]]"
f1,[ 0.79482573  0.25747724],[ 0.793852   0.4359419]
mcc,0.142898188776,0.323021322142
precision,[ 0.92320534  0.17128028],[ 0.93383038  0.30914681]
recall,[ 0.6977918   0.51832461],[ 0.69036792  0.73906652]
support,[1585  191],[14514  2721]
