,VR,VFA,RPA,RCA,OA
count,7.0,7.0,7.0,7.0,7.0
mean,0.9027370324715559,0.5241540423627277,0.3351651015321773,0.40946464189647747,0.4143722739498491
std,0.07550597298031958,0.14003874284686177,0.2599577496998188,0.22240234618918167,0.19445808396919623
min,0.7775354806420477,0.3063651200746095,0.1166481964751725,0.20732370535984046,0.179133551503818
25%,0.8668917719019595,0.46168978090251417,0.16234827100490373,0.2573160417126277,0.3067991898228897
50%,0.892052412441832,0.47246510845804607,0.1990717384724044,0.27923519321965495,0.341200802008178
75%,0.9646876837427416,0.6203187799128553,0.45797352188507034,0.536207394137237,0.5042456134765185
max,0.986412422927609,0.7262309463756991,0.7897921899977164,0.7926467229961178,0.7581819575381313
