,test,train
accuracy,0.740074441687,0.728368529247
auc score,0.778963969823,0.849652861454
confusion matrix,"[[4618 1582]
 [  94  154]]","[[7005 2760]
 [ 147  790]]"
f1,[ 0.84640762  0.15524194],[ 0.82816102  0.35212837]
mcc,0.158597210555,0.336460159356
precision,[ 0.98005093  0.08870968],[ 0.97944631  0.22253521]
recall,[ 0.74483871  0.62096774],[ 0.71735791  0.84311633]
support,[6200  248],[9765  937]
