,VR,VFA,RPA,RCA,OA
count,7.0,7.0,7.0,7.0,7.0
mean,0.8837723984560236,0.5205798123248914,0.33499122824825317,0.4084572710177653,0.41220351370604685
std,0.10183669248469714,0.12024731502838933,0.26048160937641945,0.22493641094334318,0.19053983726438153
min,0.7384736237839145,0.3231522499417114,0.1136453008257963,0.19813886035409994,0.22863098020882033
25%,0.8182628777956292,0.4482583583384281,0.158014564258434,0.2488612821157563,0.2813384932494524
50%,0.9079108498652951,0.5670577914244983,0.2008939505265736,0.2867016446372717,0.3136515053440899
75%,0.9584849778520765,0.6050789914082331,0.4622890139354088,0.5419955524526774,0.5139008381773406
max,0.9865266042475451,0.6471739454147079,0.7897921899977164,0.7926467229961178,0.752663447535832
