,VR,VFA,RPA,RCA,OA
count,7.0,7.0,7.0,7.0,7.0
mean,0.8733988068561928,0.5160503577225853,0.32315708151788247,0.39867288593772365,0.41105940741043734
std,0.0846832021337045,0.12916363223464164,0.2613697889563893,0.2201316125742404,0.1883823089993965
min,0.7260572695098846,0.2968057822336209,0.0973438673006113,0.21209740769835037,0.20017141966651084
25%,0.8426349364623413,0.46450452386517405,0.16143770944987704,0.24990749582105953,0.30782154031459286
50%,0.8756563245823389,0.4773574853489611,0.20053475935828877,0.2760064574714963,0.3355646421748946
75%,0.922538596083107,0.6200687652794807,0.4281173845930925,0.5074130279366805,0.4839273759321696
max,0.9817309888102307,0.6690426581862047,0.785110755880338,0.7879652888787394,0.7581819575381313
