,test,train
accuracy,0.728287841191,0.706766256591
auc score,0.778221904266,0.833386547517
confusion matrix,"[[4534 1666]
 [  86  162]]","[[7292 3179]
 [ 158  751]]"
f1,[ 0.83807763  0.15606936],[ 0.81379387  0.31039471]
mcc,0.164069238826,0.297958803133
precision,[ 0.98138528  0.08862144],[ 0.97879195  0.19109415]
recall,[ 0.73129032  0.65322581],[ 0.69639958  0.82618262]
support,[6200  248],[10471   909]
