,VR,VFA,RPA,RCA,OA
Wolf_DieBekherte,0.7544454673191531,0.19476915314103102,0.5617035709094433,0.5860749067299772,0.6507224100830004
Mozart_BesterJungling,0.7375968992248062,0.31127492042218124,0.42021040974529345,0.49280177187153934,0.5270684712314154
Schumann_Mignon,0.7771543390074687,0.4685466377440347,0.5395230693407135,0.5722030556924593,0.5361544237819692
Handel_TornamiAVagheggiar,0.741799716363969,0.4829981276801353,0.5408298641291917,0.5656251429617092,0.5305601832569763
Schubert_Erstarrung,0.8139884846898717,0.47485005452562706,0.14099712117246793,0.19739596964145512,0.3291494191480839
MusicDelta_Gospel,0.9649463347796301,0.2532058754954535,0.7686686458095455,0.7728933546471797,0.7614777343450602
Debussy_LenfantProdigue,0.8217878321985504,0.3894288799949177,0.1877443443883154,0.2741049857236987,0.36059315431361344
Mozart_DiesBildnis,0.8293676399419261,0.342259471245571,0.19583803839328923,0.2757299564445878,0.36757701661937575
