,VR,VFA,RPA,RCA,OA
count,8.0,8.0,8.0,8.0,8.0
mean,0.805135839190672,0.3646666400311189,0.4194393829860325,0.4671036429640758,0.5079128515974368
std,0.07407301792431702,0.10835679375495971,0.22442522066032736,0.19845433960558434,0.15105379842002928
min,0.7375968992248062,0.19476915314103102,0.14099712117246793,0.19739596964145512,0.3291494191480839
25%,0.751284029580357,0.29675765919049935,0.19381461489204577,0.2753237137643655,0.3658310510429352
50%,0.7955714118486702,0.36584417562024435,0.47986673954300346,0.5292134574166243,0.5288143272441959
75%,0.8236827841343943,0.4701224919394328,0.5460482908242545,0.5756710184518388,0.564796420357227
max,0.9649463347796301,0.4829981276801353,0.7686686458095455,0.7728933546471797,0.7614777343450602
