,VR,VFA,RPA,RCA,OA
MatthewEntwistle_DontYouEver,0.8389021479713604,0.49032143491386965,0.23842482100238663,0.36575178997613367,0.393951736075756
MatthewEntwistle_FairerHopes,0.7421442104886855,0.426517571884984,0.10638830300647052,0.24981231902191398,0.3210525298970267
MatthewEntwistle_TheArch,0.9421976919217261,0.426190292460838,0.56156547917712,0.579177119919719,0.5684871750130868
MatthewEntwistle_Lontano,0.918393860656233,0.7263954380962825,0.12668439180615143,0.21040546256571394,0.17888031790556336
MusicDelta_CoolJazz,0.6847766636280765,0.3545816733067729,0.22780309936189608,0.2518687329079307,0.38357338820301784
MatthewEntwistle_TheFlaxenField,0.7654121682978509,0.5567808409913673,0.19821410553929977,0.26732923014832005,0.3560790928012632
MatthewEntwistle_ImpressionsOfSaturn,0.8179035023267206,0.544916930800485,0.1757286309086456,0.22936566250306148,0.3830536303500103
