,VR,VFA,RPA,RCA,OA
count,7.0,7.0,7.0,7.0,7.0
mean,0.8156757493272362,0.5036720260649428,0.2335441186859957,0.30767290243468465,0.369296838606532
std,0.09324799037067848,0.12144258387413544,0.15266151918665685,0.1295956791445174,0.11506403779151411
min,0.6847766636280765,0.3545816733067729,0.10638830300647052,0.21040546256571394,0.17888031790556336
25%,0.7537781893932682,0.426353932172911,0.15120651135739852,0.23958899076248774,0.338565811349145
50%,0.8179035023267206,0.49032143491386965,0.19821410553929977,0.2518687329079307,0.3830536303500103
75%,0.8786480043137967,0.5508488858959262,0.23311396018214137,0.31654051006222683,0.3887625621393869
max,0.9421976919217261,0.7263954380962825,0.56156547917712,0.579177119919719,0.5684871750130868
