,test,train
accuracy,0.76286819399,0.693483909654
auc score,0.750140158267,0.830640411538
confusion matrix,"[[5052 1531]
 [  63   76]]","[[6417 2952]
 [ 115  522]]"
f1,[ 0.86373739  0.08705613],[ 0.80711905  0.25395281]
mcc,0.104830161135,0.258666481134
precision,[ 0.98768328  0.04729309],[ 0.98239437  0.15025907]
recall,[ 0.76743126  0.54676259],[ 0.68491835  0.81946625]
support,[6583  139],[9369  637]
