,VR,VFA,RPA,RCA,OA
MusicDelta_CoolJazz,0.7575205104831358,0.42215752375114923,0.2285323609845032,0.26882406563354605,0.358824874256973
HezekiahJones_BorrowedHeart,0.670775030812731,0.5186716026309168,0.13586601899514247,0.2533168998767491,0.3668300653594771
