,test,train
accuracy,0.619369369369,0.686916158979
auc score,0.600414343445,0.746021242063
confusion matrix,"[[860 351]
 [325 240]]","[[7440 2837]
 [2559 4399]]"
f1,[ 0.71786311  0.41522491],[ 0.73387256  0.61983937]
mcc,0.133373671091,0.354081659368
precision,[ 0.7257384   0.40609137],[ 0.74407441  0.60793256]
recall,[ 0.7101569   0.42477876],[ 0.72394668  0.6322219 ]
support,[1211  565],[10277  6958]
