,test,train
accuracy,0.584019927189,0.646554060157
auc score,0.720912825813,0.69351713074
confusion matrix,"[[1444  152]
 [2019 1604]]","[[4951  971]
 [2942 2207]]"
f1,[ 0.57086381  0.59639338],[ 0.71675715  0.53008286]
mcc,0.338846558004,0.291802700739
precision,[ 0.4169795   0.91343964],[ 0.62726466  0.69446193]
recall,[ 0.9047619   0.44272702],[ 0.83603512  0.42862692]
support,[1596 3623],[5922 5149]
