,VR,VFA,RPA,RCA,OA
count,2.0,2.0,2.0,2.0,2.0
mean,0.5212999360713072,0.31053088385470395,0.13159066126906618,0.21435488626237623,0.42659706301628214
std,0.04155489309631579,0.01810014536060498,0.060906638843242496,0.005475481978693647,0.0779807684034203
min,0.4919161893714203,0.2977321483297579,0.08852316392372943,0.2104831358249772,0.371456332876086
25%,0.5066080627213637,0.30413151609223094,0.1100569125963978,0.21241901104367672,0.39902669794618406
50%,0.5212999360713072,0.31053088385470395,0.13159066126906618,0.21435488626237623,0.42659706301628214
75%,0.5359918094212507,0.3169302516171769,0.15312440994173454,0.21629076148107573,0.4541674280863802
max,0.5506836827711942,0.32332961937964994,0.17465815861440293,0.21822663669977524,0.4817377931564783
