,test,train
accuracy,0.649211711712,0.687844502466
auc score,0.648256441545,0.763468987816
confusion matrix,"[[1007  483]
 [ 140  146]]","[[9202 4299]
 [1081 2653]]"
f1,[ 0.76374668  0.31912568],[ 0.77379751  0.49653753]
mcc,0.143201728219,0.329250913625
precision,[ 0.87794246  0.23211447],[ 0.89487504  0.3816168 ]
recall,[ 0.67583893  0.51048951],[ 0.68157914  0.71049813]
support,[1490  286],[13501  3734]
