,VR,VFA,RPA,RCA,OA
MatthewEntwistle_DontYouEver,0.6923627684964201,0.4212395666844255,0.11634844868735084,0.24403341288782815,0.3814784645148152
MatthewEntwistle_FairerHopes,0.6677867944088943,0.3855305195897091,0.0811496800486183,0.22478818861044578,0.32624949286142074
MatthewEntwistle_TheArch,0.949372804816859,0.40296319160429045,0.581685900652283,0.5998996487706975,0.5903638108532542
MatthewEntwistle_Lontano,0.8497492295606985,0.6892203092444347,0.11653272101033295,0.19647712852740346,0.18554230949041609
MusicDelta_CoolJazz,0.6093892433910666,0.31014403922770456,0.22242479489516864,0.24986326344576118,0.3967764060356653
MatthewEntwistle_TheFlaxenField,0.6815659368378569,0.5455026455026455,0.16839874886489758,0.25723943093532436,0.35274169238498526
MatthewEntwistle_ImpressionsOfSaturn,0.7240386970364928,0.4626348146099683,0.16789125642909625,0.22997795738427626,0.44209911431774046
