,test,train
accuracy,0.989288902112,1.0
auc score,0.665382310401,1.0
confusion matrix,"[[6650    1]
 [  71    0]]","[[9626    0]
 [   0  380]]"
f1,[ 0.99461561  0.        ],[ 1.  1.]
mcc,-0.0012602849578,1.0
precision,[ 0.9894361  0.       ],[ 1.  1.]
recall,[ 0.99984965  0.        ],[ 1.  1.]
support,[6651   71],[9626  380]
