,VR,VFA,RPA,RCA,OA
count,7.0,7.0,7.0,7.0,7.0
mean,0.7391807820783268,0.45960501235188256,0.20777593579824963,0.2860398615088195,0.38217875577975674
std,0.1183847488199531,0.12424209156169358,0.1712128887664753,0.13983734986313764,0.122342118316712
min,0.6093892433910666,0.31014403922770456,0.0811496800486183,0.19647712852740346,0.18554230949041609
25%,0.6746763656233756,0.3942468555969998,0.1164405848488419,0.22738307299736102,0.339495592623203
50%,0.6923627684964201,0.4212395666844255,0.16789125642909625,0.24403341288782815,0.3814784645148152
75%,0.7868939632985956,0.5040687300563069,0.1954117718800331,0.2535513471905428,0.41943776017670287
max,0.949372804816859,0.6892203092444347,0.581685900652283,0.5998996487706975,0.5903638108532542
