,VR,VFA,RPA,RCA,OA
count,7.0,7.0,7.0,7.0,7.0
mean,0.9107877365587507,0.5474544863428689,0.33998846404008737,0.4130400976639442,0.40186032426588814
std,0.0682461525001115,0.13067051023516374,0.2534508413616689,0.21770948318225833,0.19093999491190564
min,0.8101025989346871,0.31685707624154813,0.13012870868330412,0.20977098314097528,0.19345098955898396
25%,0.8601122288811537,0.4951895161233407,0.17030119484115747,0.2651197392076028,0.29564550532956607
50%,0.9292187117315699,0.5266520934925172,0.20598325093330644,0.2868025426294017,0.3060576877535877
75%,0.9634784235456597,0.6533301739698387,0.460360156729939,0.5395642804709083,0.4861975176635426
max,0.9890115403913698,0.6916328544796578,0.7824845855218087,0.7853391185202101,0.7498275465624281
