,VR,VFA,RPA,RCA,OA
MatthewEntwistle_DontYouEver,0.8649164677804296,0.3872313976203161,0.2866348448687351,0.42374701670644394,0.4736279401282965
MatthewEntwistle_FairerHopes,0.5392342616094091,0.3095258113334454,0.048475315482786975,0.18810996317877954,0.3435211839029385
MatthewEntwistle_TheArch,0.9629703963873557,0.3690099544717957,0.5960361264425489,0.6139488208730557,0.6157956726574769
MatthewEntwistle_Lontano,0.6943017704997281,0.5415615747340717,0.12006767780530546,0.19762523415312103,0.2402797257285336
MusicDelta_CoolJazz,0.592616226071103,0.28011032791909285,0.2015496809480401,0.23072014585232453,0.39489026063100136
MatthewEntwistle_TheFlaxenField,0.7363030975683584,0.5216931216931217,0.17036625971143174,0.25113510241146203,0.3687827459987081
MatthewEntwistle_ImpressionsOfSaturn,0.7424075434729366,0.5090940032759684,0.17640215527798186,0.2254469752632868,0.4098135488861875
