,VR,VFA,RPA,RCA,OA
count,7.0,7.0,7.0,7.0,7.0
mean,0.7332499661984743,0.41688945586397314,0.22850458007669003,0.3043904654912105,0.406673011133306
std,0.1467069817443871,0.10679899596814713,0.17769306715754848,0.15784372856680756,0.1165293218956445
min,0.5392342616094091,0.28011032791909285,0.048475315482786975,0.18810996317877954,0.2402797257285336
25%,0.6434589982854155,0.33926788290262055,0.1452169687583686,0.21153610470820391,0.3561519649508233
50%,0.7363030975683584,0.3872313976203161,0.17640215527798186,0.23072014585232453,0.39489026063100136
75%,0.8036620056266831,0.515393562484545,0.2440922629083876,0.337441059558953,0.44172074450724197
max,0.9629703963873557,0.5415615747340717,0.5960361264425489,0.6139488208730557,0.6157956726574769
