,test,train
accuracy,0.746801547159,0.678792724365
auc score,0.759158589728,0.798509337705
confusion matrix,"[[4737 1519]
 [ 183  283]]","[[5665 2900]
 [ 314 1127]]"
f1,[ 0.84770938  0.24955908],[ 0.7790154   0.41221653]
mcc,0.209009528835,0.317535673694
precision,[ 0.96280488  0.15704772],[ 0.94748286  0.27986094]
recall,[ 0.75719309  0.60729614],[ 0.66141273  0.78209577]
support,[6256  466],[8565 1441]
