,VR,VFA,RPA,RCA,OA
Wolf_DieBekherte,0.9394350501477785,0.40635774955848963,0.6798294491012161,0.6932021900285866,0.6483246234245312
Mozart_BesterJungling,0.9091915836101883,0.6093147930976713,0.49036544850498337,0.5408084163898117,0.4506967131142076
Schumann_Mignon,0.9112105243204307,0.7312311517909106,0.6061341320089472,0.6300944004246124,0.46530323777552013
Handel_TornamiAVagheggiar,0.8949631730637266,0.7227758651929698,0.6058374125074341,0.6244567455052839,0.4642076218242399
Schubert_Erstarrung,0.9220753729390212,0.6195474372955289,0.1595132164354881,0.21113582831719446,0.26772599813059156
MusicDelta_Gospel,0.9865266042475451,0.30613196549312194,0.7897921899977164,0.7926467229961178,0.7582586035103855
Debussy_LenfantProdigue,0.9449154403689874,0.5173750079410456,0.22508236327696024,0.31495717109598065,0.3303640991014387
Mozart_DiesBildnis,0.9224471688982094,0.514649768329245,0.23068236812389095,0.30767059203097274,0.32536988244831777
