,VR,VFA,RPA,RCA,OA
count,8.0,8.0,8.0,8.0,8.0
mean,0.9288456146994859,0.5534229673373728,0.47340457249457957,0.51437150834857,0.463781347416154
std,0.028358786694550785,0.14802332364301096,0.23822600016522896,0.21046553482590077,0.16747809083047302
min,0.8949631730637266,0.30613196549312194,0.1595132164354881,0.21113582831719446,0.26772599813059156
25%,0.91070578914287,0.48757676363655617,0.22928236691215825,0.3131355263297287,0.3291155449381585
50%,0.9222612709186153,0.5633449005193585,0.5481014305062087,0.5826325809475478,0.4574521674692238
75%,0.9408051477030808,0.645354544269889,0.6245579612820144,0.645871347825606,0.5110585841877728
max,0.9865266042475451,0.7312311517909106,0.7897921899977164,0.7926467229961178,0.7582586035103855
