,test,train
accuracy,0.700900555662,0.680697317316
auc score,0.749361191872,0.793810454108
confusion matrix,"[[3238 1312]
 [ 249  420]]","[[6932 3344]
 [ 191  604]]"
f1,[ 0.8057733   0.34985423],[ 0.7968274   0.25469112]
mcc,0.240988315577,0.234096743775
precision,[ 0.92859191  0.24249423],[ 0.97318546  0.15298886]
recall,[ 0.71164835  0.62780269],[ 0.67458155  0.75974843]
support,[4550  669],[10276   795]
