,VR,VFA,RPA,RCA,OA
count,7.0,7.0,7.0,7.0,7.0
mean,0.8890738474337939,0.5239715475921138,0.33529811512156077,0.4080178692068403,0.41138485579624007
std,0.09448990164507425,0.11429474861781999,0.26129288418372476,0.2260576507712164,0.1873732459068787
min,0.7448611160762163,0.32921426906038703,0.1135380545526043,0.1964167019155236,0.21351488234377436
25%,0.8233275502385151,0.4739055989444957,0.15631849303260925,0.25603309536463115,0.2998481532401476
50%,0.9323389021479713,0.4998318479905835,0.20273083517021798,0.26783372010896983,0.3158329146630302
75%,0.9565676045438978,0.6180770049064126,0.4641943700325842,0.5435808743490044,0.4999896174146786
max,0.9865266042475451,0.65478950839201,0.7897921899977164,0.7926467229961178,0.7506706522572238
