,test,train
accuracy,0.888128533175,1.0
auc score,0.685530686104,1.0
confusion matrix,"[[5924  151]
 [ 601   46]]","[[8089    0]
 [   0 1917]]"
f1,[ 0.94031746  0.10900474],[ 1.  1.]
mcc,0.0808598507649,1.0
precision,[ 0.90789272  0.23350254],[ 1.  1.]
recall,[ 0.97514403  0.07109737],[ 1.  1.]
support,[6075  647],[8089 1917]
