,VR,VFA,RPA,RCA,OA
count,7.0,7.0,7.0,7.0,7.0
mean,0.6947411967402936,0.3995644658815404,0.21889086344944145,0.29511724068303496,0.4104620445793368
std,0.1483332006080635,0.09484689968671285,0.16942007487099436,0.14896273348635622,0.11332086538697579
min,0.49508454581203304,0.2773521299417714,0.03957387480785043,0.18022236993171792,0.25169471715755026
25%,0.5936829265296677,0.33606862515898955,0.1327693885088436,0.20851512597722097,0.35456185317060496
50%,0.6699626677429119,0.35943882081335465,0.17970854763654176,0.2325495958853784,0.3943758573388203
75%,0.8065667822281922,0.48853951668208856,0.24310029740472497,0.3282952345083655,0.4559315493726296
max,0.8976417461113899,0.5109440267335004,0.5612142498745609,0.5794279979929754,0.6061769324725179
