,test,train
accuracy,0.738173162749,0.681091345193
auc score,0.743772905655,0.780980475878
confusion matrix,"[[4585 1490]
 [ 270  377]]","[[5354 2735]
 [ 456 1461]]"
f1,[ 0.8389753   0.29992045],[ 0.77041514  0.47799771]
mcc,0.222193680092,0.33816894517
precision,[ 0.94438723  0.20192823],[ 0.92151463  0.34818875]
recall,[ 0.75473251  0.58268934],[ 0.66188651  0.76212833]
support,[6075  647],[8089 1917]
