,VR,VFA,RPA,RCA,OA
count,2.0,2.0,2.0,2.0,2.0
mean,0.7954359519820373,0.6403287345229243,0.18875907487720012,0.25928290815873006,0.2793283051944251
std,0.02435649525029949,0.0032970892869521665,0.011642825593796133,0.02273229086035045,0.03185763614876336
min,0.7782133090246126,0.6379973403299428,0.1805263539476546,0.2432087511394713,0.2568015546410608
25%,0.786824630503325,0.6391630374264335,0.18464271441242736,0.2512458296491007,0.26806492991774294
50%,0.7954359519820373,0.6403287345229243,0.18875907487720012,0.25928290815873006,0.2793283051944251
75%,0.8040472734607497,0.6414944316194149,0.1928754353419729,0.2673199866683595,0.29059168047110717
max,0.812658594939462,0.6426601287159056,0.19699179580674567,0.27535706517798886,0.3018550557477893
