,test,train
accuracy,0.572072072072,0.634116623151
auc score,0.609231798991,0.681518262207
confusion matrix,"[[576 420]
 [340 440]]","[[5784 2188]
 [4118 5145]]"
f1,[ 0.60251046  0.53658537],[ 0.64719705  0.62002892]
mcc,0.141428922971,0.283351059491
precision,[ 0.62882096  0.51162791],[ 0.58412442  0.7016228 ]
recall,[ 0.57831325  0.56410256],[ 0.72553939  0.5554356 ]
support,[996 780],[7972 9263]
