,VR,VFA,RPA,RCA,OA
MatthewEntwistle_DontYouEver,0.9867541766109785,0.5380927011188066,0.33460620525059664,0.47995226730310264,0.4075959678240505
MatthewEntwistle_FairerHopes,0.9381189003682122,0.6660921473011603,0.1418868194330247,0.28380938762378005,0.2301346573675161
MatthewEntwistle_TheArch,0.9918213748118414,0.5385060575661702,0.6012042147516307,0.6203211239337681,0.522225615075903
MatthewEntwistle_Lontano,0.9553447338207747,0.7994845926088386,0.1317904405100006,0.21578343102302253,0.1562061711079944
MusicDelta_Gospel,0.9865266042475451,0.34273723478666357,0.7897921899977164,0.7926467229961178,0.7462251858664827
MatthewEntwistle_TheFlaxenField,0.9307335284027848,0.6974658869395711,0.21365149833518313,0.2955302189486429,0.27092155314720445
MatthewEntwistle_ImpressionsOfSaturn,0.9824271369091354,0.7292007913378289,0.20511878520695567,0.2590619642419789,0.2538640059361235
