,VR,VFA,RPA,RCA,OA
count,7.0,7.0,7.0,7.0,7.0
mean,0.9673894935958959,0.6159399159512914,0.3454357362121582,0.4210150165814876,0.369596165189325
std,0.025527015554486117,0.15404236471109944,0.2540078270992036,0.21764928328649608,0.2060358248275554
min,0.9307335284027848,0.34273723478666357,0.1317904405100006,0.21578343102302253,0.1562061711079944
25%,0.9467318170944934,0.5382993793424884,0.17350280231999018,0.2714356759328795,0.2419993316518198
50%,0.9824271369091354,0.6660921473011603,0.21365149833518313,0.2955302189486429,0.27092155314720445
75%,0.9866403904292618,0.7133333391387,0.4679052100011136,0.5501366956184354,0.46491079144997677
max,0.9918213748118414,0.7994845926088386,0.7897921899977164,0.7926467229961178,0.7462251858664827
