,VR,VFA,RPA,RCA,OA
count,7.0,7.0,7.0,7.0,7.0
mean,0.8591802758738298,0.5528620405583778,0.2529192122555152,0.32769341292134546,0.3522280725042179
std,0.07699287796738448,0.1092054509139092,0.16071329343592874,0.14217519522036237,0.12147423823606308
min,0.7276207839562443,0.409439166411278,0.1291014562813463,0.21375913952504683,0.17983481377590774
25%,0.834210394651605,0.47128668809978125,0.15413358056974555,0.24677200778410593,0.2949972504181109
50%,0.8548248836639726,0.5762569362703884,0.2090606396932701,0.27046490428441206,0.34072717513143147
75%,0.8931126894298569,0.606834809575886,0.2655399951701647,0.35212219300702263,0.3944542263070461
max,0.9771700953336678,0.7280951858756443,0.5929252383341695,0.611841445057702,0.5661315651718722
