,test,train
accuracy,0.750371913121,0.690985408755
auc score,0.761108469947,0.824764470384
confusion matrix,"[[4912 1587]
 [  91  132]]","[[6213 2930]
 [ 162  701]]"
f1,[ 0.85411233  0.13594233],[ 0.80074752  0.31197152]
mcc,0.142749044442,0.287145380579
precision,[ 0.98181091  0.07678883],[ 0.97458824  0.19305976]
recall,[ 0.75580859  0.59192825],[ 0.67953626  0.81228273]
support,[6499  223],[9143  863]
