,test,train
accuracy,0.662375930521,0.823198594025
auc score,0.623369481316,0.914630204754
confusion matrix,"[[3470 1119]
 [1058  801]]","[[5455  656]
 [1356 3913]]"
f1,[ 0.76121531  0.42392167],[ 0.84429655  0.79548689]
mcc,0.185273271632,0.646222218313
precision,[ 0.76634276  0.4171875 ],[ 0.80091029  0.85642373]
recall,[ 0.75615603  0.43087682],[ 0.89265259  0.74264566]
support,[4589 1859],[6111 5269]
