,test,train
accuracy,0.642524813896,0.728642682797
auc score,0.630868703853,0.798838018341
confusion matrix,"[[3248 1341]
 [ 964  895]]","[[3857 1001]
 [1556 3009]]"
f1,[ 0.73809794  0.43711844],[ 0.75104664  0.70180758]
mcc,0.180089430182,0.457979529044
precision,[ 0.7711301   0.40026834],[ 0.71254388  0.75037406]
recall,[ 0.70777947  0.48144164],[ 0.79394813  0.65914567]
support,[4589 1859],[4858 4565]
