,VR,VFA,RPA,RCA,OA
count,7.0,7.0,7.0,7.0,7.0
mean,0.910080598520856,0.5304513716585869,0.33397349044983254,0.4075754415292864,0.40760914691493255
std,0.08187691246659332,0.1325031170493338,0.2572738532357128,0.2218827375601945,0.18997310180389138
min,0.7533693204161156,0.32921426906038703,0.1065312980373932,0.2073539186657804,0.2035803334891694
25%,0.8763290188838131,0.45368587203897853,0.16531163855991904,0.24948973638981622,0.2952933125590166
50%,0.9507102620622092,0.49861100393548885,0.20193485182463874,0.28170719402683886,0.3007372791714687
75%,0.9636499825762483,0.656513041507645,0.45446640808462074,0.5361703911183174,0.5038445691843162
max,0.9865266042475451,0.6649365015209854,0.7897921899977164,0.7926467229961178,0.7506706522572238
