,test,train
accuracy,0.633839950372,0.697866921363
auc score,0.629803172003,0.755796358081
confusion matrix,"[[3141 1448]
 [ 913  946]]","[[3515 1343]
 [1504 3061]]"
f1,[ 0.72683096  0.44486245],[ 0.71175458  0.68257331]
mcc,0.181264732972,0.394736534809
precision,[ 0.77479033  0.39515455],[ 0.70033871  0.69504995]
recall,[ 0.68446285  0.50887574],[ 0.72354879  0.67053669]
support,[4589 1859],[4858 4565]
