,VR,VFA,RPA,RCA,OA
Wolf_DieBekherte,0.7394253597558021,0.26675637036414096,0.5412568438393333,0.5586026454770096,0.6114355979096219
Mozart_BesterJungling,0.6440753045404208,0.42486178589378454,0.3515503875968992,0.4465669988925803,0.440529368624575
Schumann_Mignon,0.5858133980361678,0.49738109094756894,0.36001061530879175,0.4024718504757933,0.41954149918282607
Handel_TornamiAVagheggiar,0.5795782057733656,0.4611342634535242,0.4148405691019717,0.45390914497461,0.4682944606413994
Schubert_Erstarrung,0.8664616592515049,0.538645038167939,0.1441376602983512,0.19536770478932217,0.2995059420483376
MusicDelta_Gospel,0.9464489609499885,0.24061552809512707,0.7701530029687144,0.7757478876455812,0.7666130144860888
Debussy_LenfantProdigue,0.8466505600702833,0.47023696080299854,0.18980891719745224,0.2801229958269273,0.32877993040045705
Mozart_DiesBildnis,0.7831101790611389,0.40337966748432813,0.17954508791740603,0.2616954347475399,0.33461694365626266
