,test,train
accuracy,0.932170913968,1.0
auc score,0.570281562882,1.0
confusion matrix,"[[4865    1]
 [ 353    0]]","[[10647     0]
 [    0   424]]"
f1,[ 0.96489488  0.        ],[ 1.  1.]
mcc,-0.00372862977243,1.0
precision,[ 0.93234956  0.        ],[ 1.  1.]
recall,[ 0.99979449  0.        ],[ 1.  1.]
support,[4866  353],[10647   424]
