,VR,VFA,RPA,RCA,OA
count,8.0,8.0,8.0,8.0,8.0
mean,0.748945453429834,0.4128763381511764,0.36891288552861495,0.42181058285367046,0.458664594618696
std,0.1362334775522777,0.10679523592449075,0.21100048300515709,0.18631366735848998,0.15933467404881363
min,0.5795782057733656,0.24061552809512707,0.1441376602983512,0.19536770478932217,0.2995059420483376
25%,0.6295098279143576,0.3692238432042813,0.18724295987744072,0.27551610555708045,0.33315769034231124
50%,0.7612677694084705,0.44299802467365434,0.35578050145284545,0.4245194246841868,0.4300354339037005
75%,0.8516033348655887,0.4770229933391411,0.4464446377863121,0.4800825201002099,0.504079744958455
max,0.9464489609499885,0.538645038167939,0.7701530029687144,0.7757478876455812,0.7666130144860888
