,VR,VFA,RPA,RCA,OA
MatthewEntwistle_DontYouEver,0.9578758949880668,0.5924347362813,0.33460620525059664,0.47231503579952266,0.3764382445779452
MatthewEntwistle_FairerHopes,0.8225074178672291,0.6842946023204978,0.14621241911843563,0.28742001215457763,0.22410695311141593
MatthewEntwistle_TheArch,0.9792272955343703,0.4747279882706999,0.6035122930255896,0.622629202207727,0.5592828476705636
MatthewEntwistle_Lontano,0.9059761919149193,0.7140037284789998,0.12904102966946643,0.21125143513203215,0.18480208820321023
MusicDelta_Gospel,0.986412422927609,0.3196549312193985,0.7897921899977164,0.7926467229961178,0.7538131371196444
MatthewEntwistle_TheFlaxenField,0.918777116335385,0.6985240879977722,0.22575925739077793,0.30849561093734235,0.27454604177133424
MatthewEntwistle_ImpressionsOfSaturn,0.9295248591721773,0.7364547214363207,0.20487386725446977,0.25973548861131524,0.24841729685353878
