,test,train
accuracy,0.986817617866,0.999906559522
auc score,0.686283634559,1.0
confusion matrix,"[[6363    4]
 [  81    0]]","[[10284     0]
 [    1   417]]"
f1,[ 0.99336508  0.        ],[ 0.99995138  0.9988024 ]
mcc,-0.00281013584255,0.998754553999
precision,[ 0.98743017  0.        ],[ 0.99990277  1.        ]
recall,[ 0.99937176  0.        ],[ 1.          0.99760766]
support,[6367   81],[10284   418]
