,VR,VFA,RPA,RCA,OA
count,7.0,7.0,7.0,7.0,7.0
mean,0.9286144569628225,0.6028706851435698,0.34768532310100747,0.42207050111980493,0.3744866584725218
std,0.05571847830247058,0.15422672644552998,0.25322411652252946,0.2167573092946732,0.20917214617855207
min,0.8225074178672291,0.3196549312193985,0.12904102966946643,0.21125143513203215,0.18480208820321023
25%,0.9123766541251521,0.533581362276,0.1755431431864527,0.2735777503829464,0.23626212498247734
50%,0.9295248591721773,0.6842946023204978,0.22575925739077793,0.30849561093734235,0.27454604177133424
75%,0.9685515952612185,0.706263908238386,0.46905924913809316,0.5474721190036248,0.46786054612425443
max,0.986412422927609,0.7364547214363207,0.7897921899977164,0.7926467229961178,0.7538131371196444
