,VR,VFA,RPA,RCA,OA
count,7.0,7.0,7.0,7.0,7.0
mean,0.8412275344377073,0.4783178602069582,0.3119874632935328,0.38522955048931296,0.4293789529033024
std,0.09716592875983789,0.12529334005040718,0.25828975878189775,0.21829149330338565,0.18265667091100252
min,0.6808708397383191,0.30333411051527165,0.0967718871769206,0.20971055652909543,0.1970936574723391
25%,0.8014630821599686,0.41211389218857164,0.15397026852340195,0.23605197929787075,0.32936664756835765
50%,0.8388439872642665,0.42567927543953116,0.18393703965291092,0.2644031883765513,0.38398509654094504
75%,0.9028434245395878,0.5610789416785693,0.41529523978315513,0.49063188941725633,0.5117621899457985
max,0.9602649006622517,0.6728259677596228,0.7646722996117835,0.7691253710892898,0.7423162412815206
