,test,train
accuracy,0.737282878412,0.707293497364
auc score,0.78161225492,0.836079452609
confusion matrix,"[[4652 1642]
 [  52  102]]","[[7501 3213]
 [ 118  548]]"
f1,[ 0.84597199  0.10748156],[ 0.81830579  0.24757172]
mcc,0.137991687834,0.260951530003
precision,[ 0.98894558  0.05848624],[ 0.9845124   0.14570593]
recall,[ 0.73911662  0.66233766],[ 0.700112    0.82282282]
support,[6294  154],[10714   666]
