,VR,VFA,RPA,RCA,OA
MatthewEntwistle_DontYouEver,0.9905727923627685,0.6127686023796839,0.33460620525059664,0.47875894988066825,0.36477955401690254
MatthewEntwistle_FairerHopes,0.9804454295213242,0.7113250378342021,0.13577378186108033,0.27362099167053944,0.20604315990803887
MatthewEntwistle_TheArch,0.9957350727546412,0.5552511767883325,0.6035122930255896,0.622629202207727,0.5137628686093177
MatthewEntwistle_Lontano,0.982989908755816,0.8378659940782981,0.132545773158499,0.21632727052994138,0.14305750350631136
MusicDelta_Gospel,0.9865266042475451,0.34273723478666357,0.7897921899977164,0.7926467229961178,0.7462251858664827
MatthewEntwistle_TheFlaxenField,0.9642316617899304,0.7133667502088554,0.22374129754817879,0.30864695792553726,0.2642646953276394
MatthewEntwistle_ImpressionsOfSaturn,0.9892236100906197,0.7640026377927631,0.20371050698016166,0.2576536860151849,0.22767243965204212
