,VR,VFA,RPA,RCA,OA
MatthewEntwistle_FairerHopes,0.9918850319951382,0.7157810660837397,0.14621241911843563,0.28395238265470274,0.2096365989837909
MatthewEntwistle_DontYouEver,0.9878281622911694,0.6047771266204937,0.33460620525059664,0.47875894988066825,0.3693615721413298
MatthewEntwistle_Lontano,0.982989908755816,0.8378659940782981,0.132545773158499,0.21632727052994138,0.14305750350631136
MatthewEntwistle_TheFlaxenField,0.9679144385026738,0.7145363408521304,0.22575925739077793,0.31036222379174655,0.26422880930165793
MatthewEntwistle_ImpressionsOfSaturn,0.9924075434729366,0.762768831500351,0.20511878520695567,0.2585721283370071,0.22895123221925767
MusicDelta_Gospel,0.9865266042475451,0.33923991606435067,0.7897921899977164,0.7926467229961178,0.7473748754502951
MatthewEntwistle_TheArch,0.9957350727546412,0.5552897600123466,0.6035122930255896,0.622629202207727,0.5137410574070843
