,test,train
accuracy,0.583436724566,0.677597368142
auc score,0.593271549973,0.765541597308
confusion matrix,"[[2582 1217]
 [1469 1180]]","[[2771  756]
 [2282 3614]]"
f1,[ 0.65783439  0.46769719],[ 0.64592075  0.70407169]
mcc,0.12735924656,0.38682620604
precision,[ 0.63737349  0.49228202],[ 0.5483871   0.82700229]
recall,[ 0.67965254  0.44545111],[ 0.78565353  0.61295794]
support,[3799 2649],[3527 5896]
