,test,train
accuracy,0.531637717122,1.0
auc score,0.582675041842,1.0
confusion matrix,"[[1619 2180]
 [ 840 1809]]","[[4513    0]
 [   0 6867]]"
f1,[ 0.51741771  0.54504369],[ 1.  1.]
mcc,0.110470346228,1.0
precision,[ 0.65839772  0.45349712],[ 1.  1.]
recall,[ 0.42616478  0.68289921],[ 1.  1.]
support,[3799 2649],[4513 6867]
