,VR,VFA,RPA,RCA,OA
count,7.0,7.0,7.0,7.0,7.0
mean,0.9864695374314172,0.6471798621731014,0.34822098902122445,0.42332126862827296,0.35376452128710384
std,0.009207662316890262,0.16534500516397427,0.25269959611866644,0.21655272906681297,0.2119473901651811
min,0.9679144385026738,0.33923991606435067,0.132545773158499,0.21632727052994138,0.14305750350631136
25%,0.9847582565016806,0.5800334433164201,0.17566560216269567,0.2712622554958549,0.21929391560152428
50%,0.9878281622911694,0.7145363408521304,0.22575925739077793,0.31036222379174655,0.26422880930165793
75%,0.9921462877340375,0.7392749487920454,0.46905924913809316,0.5506940760441976,0.44155131477420706
max,0.9957350727546412,0.8378659940782981,0.7897921899977164,0.7926467229961178,0.7473748754502951
