,VR,VFA,RPA,RCA,OA
count,7.0,7.0,7.0,7.0,7.0
mean,0.9842464399318064,0.6481882048383998,0.3462402925459746,0.4214691116036737,0.3522579152695335
std,0.010153822647329726,0.16371585323128376,0.25440936933613034,0.21795523254743127,0.21207654520232302
min,0.9642316617899304,0.34273723478666357,0.132545773158499,0.21632727052994138,0.14305750350631136
25%,0.9817176691385701,0.5840098895840082,0.169742144420621,0.26563733884286217,0.2168577997800405
50%,0.9865266042475451,0.7113250378342021,0.22374129754817879,0.30864695792553726,0.2642646953276394
75%,0.9898982012266941,0.7386846940008093,0.46905924913809316,0.5506940760441976,0.43927121131311014
max,0.9957350727546412,0.8378659940782981,0.7897921899977164,0.7926467229961178,0.7462251858664827
