,test,train
accuracy,0.587624069479,0.653931868832
auc score,0.587233273822,0.726263599778
confusion matrix,"[[2616 1183]
 [1476 1173]]","[[2604  923]
 [2338 3558]]"
f1,[ 0.66303384  0.46873127],[ 0.61494864  0.68574733]
mcc,0.134261490272,0.33118415461
precision,[ 0.63929619  0.49787776],[ 0.52691218  0.79401919]
recall,[ 0.68860226  0.44280861],[ 0.73830451  0.60345997]
support,[3799 2649],[3527 5896]
