,VR,VFA,RPA,RCA,OA
MusicDelta_CoolJazz,0.5927073837739288,0.36852589641434264,0.19206927985414768,0.22643573381950774,0.3559670781893004
HezekiahJones_BorrowedHeart,0.4503008772565794,0.305574524673831,0.09461320959907199,0.2405568041760313,0.49562668204536714
