,VR,VFA,RPA,RCA,OA
count,2.0,2.0,2.0,2.0,2.0
mean,0.5215041305152541,0.3370502105440868,0.14334124472660983,0.23349626899776954,0.42579688011733374
std,0.10069660644350406,0.04451334184271097,0.0689118481451566,0.009985104606710158,0.09875425294445168
min,0.4503008772565794,0.305574524673831,0.09461320959907199,0.22643573381950774,0.3559670781893004
25%,0.4859025038859168,0.32131236760895887,0.11897722716284091,0.22996600140863863,0.39088197915331707
50%,0.5215041305152541,0.3370502105440868,0.14334124472660983,0.23349626899776954,0.42579688011733374
75%,0.5571057571445914,0.3527880534792147,0.16770526229037874,0.23702653658690043,0.46071178108135047
max,0.5927073837739288,0.36852589641434264,0.19206927985414768,0.2405568041760313,0.49562668204536714
