,test,train
accuracy,0.728603603604,0.699796924862
auc score,0.682955625306,0.812597462431
confusion matrix,"[[1253  441]
 [  41   41]]","[[10845  4826]
 [  348  1216]]"
f1,[ 0.83868809  0.14539007],[ 0.80740024  0.31974757]
mcc,0.113105988457,0.282665124661
precision,[ 0.9683153   0.08506224],[ 0.96890914  0.20125786]
recall,[ 0.73966942  0.5       ],[ 0.69204263  0.77749361]
support,[1694   82],[15671  1564]
