,VR,VFA,RPA,RCA,OA
MatthewEntwistle_DontYouEver,0.8628878281622911,0.30687266915290357,0.3009546539379475,0.43985680190930787,0.5258120354342735
MatthewEntwistle_FairerHopes,0.4817860079362242,0.3466874054144947,0.04111107139026919,0.19197082901369178,0.32246285813643477
MatthewEntwistle_TheArch,0.9229302558956347,0.38648815495022765,0.5751630707476166,0.59372804816859,0.596841737916594
MatthewEntwistle_Lontano,0.6410659254335609,0.4588222392806229,0.10435675871653877,0.19176385280077346,0.25954495870344396
MusicDelta_CoolJazz,0.6595259799453054,0.31964449892736746,0.20346399270738377,0.22716499544211485,0.3813443072702332
MatthewEntwistle_TheFlaxenField,0.7432146100292604,0.5318017265385686,0.1711734436484714,0.2504792654626173,0.36255652049092085
MatthewEntwistle_ImpressionsOfSaturn,0.7799412196914034,0.505498947010147,0.17854518736223365,0.23720303698261083,0.41303421164806364
