,VR,VFA,RPA,RCA,OA
count,7.0,7.0,7.0,7.0,7.0
mean,0.7273359752990972,0.4079736630391903,0.22496688264435158,0.30459526139710086,0.40879951851428054
std,0.14831631380306845,0.09098647578841258,0.17429493921775,0.15317437844761178,0.11668539187333786
min,0.4817860079362242,0.30687266915290357,0.04111107139026919,0.19176385280077346,0.25954495870344396
25%,0.6502959526894332,0.3331659521709311,0.13776510118250507,0.20956791222790333,0.3425096893136778
50%,0.7432146100292604,0.38648815495022765,0.17854518736223365,0.23720303698261083,0.3813443072702332
75%,0.8214145239268473,0.48216059314538495,0.25220932332266566,0.3451680336859626,0.46942312354116855
max,0.9229302558956347,0.5318017265385686,0.5751630707476166,0.59372804816859,0.596841737916594
