,test,train
accuracy,0.721065159179,0.679092544473
auc score,0.704306844738,0.76013124337
confusion matrix,"[[4330 1444]
 [ 431  517]]","[[4895 2499]
 [ 712 1900]]"
f1,[ 0.82202183  0.35544861],[ 0.753019    0.54200542]
mcc,0.226087742313,0.344603164944
precision,[ 0.9094728  0.263641 ],[ 0.87301587  0.43191634]
recall,[ 0.7499134   0.54535865],[ 0.66202326  0.72741194]
support,[5774  948],[7394 2612]
