,VR,VFA,RPA,RCA,OA
MusicDelta_CoolJazz,0.7498632634457612,0.44115844315047503,0.22661804922515952,0.2656335460346399,0.35053726566072246
HezekiahJones_BorrowedHeart,0.6769375770318278,0.5157962836502175,0.12332342492568694,0.24418183136373522,0.36459534794309884
