,VR,VFA,RPA,RCA,OA
count,2.0,2.0,2.0,2.0,2.0
mean,0.7134004202387945,0.47847736340034625,0.17497073707542324,0.25490768869918756,0.35756630680191065
std,0.05156624738597597,0.0527769231504878,0.07304032930227379,0.015168652911875644,0.00994056531234679
min,0.6769375770318278,0.44115844315047503,0.12332342492568694,0.24418183136373522,0.35053726566072246
25%,0.6951689986353111,0.4598179032754106,0.1491470810005551,0.24954476003146142,0.35405178623131656
50%,0.7134004202387945,0.47847736340034625,0.17497073707542324,0.25490768869918756,0.35756630680191065
75%,0.7316318418422778,0.4971368235252819,0.20079439315029138,0.2602706173669137,0.36108082737250474
max,0.7498632634457612,0.5157962836502175,0.22661804922515952,0.2656335460346399,0.36459534794309884
