,test,train
accuracy,0.624436936937,0.681404119524
auc score,0.625083561674,0.737611158263
confusion matrix,"[[912 470]
 [197 197]]","[[8314 3795]
 [1696 3430]]"
f1,[ 0.73223605  0.37134779],[ 0.75175189  0.55542061]
mcc,0.13720112519,0.329559194167
precision,[ 0.82236249  0.29535232],[ 0.83056943  0.47474048]
recall,[ 0.65991317  0.5       ],[ 0.68659675  0.66913773]
support,[1382  394],[12109  5126]
