,VR,VFA,RPA,RCA,OA
MusicDelta_CoolJazz,0.48122151321786694,0.24701195219123506,0.15086599817684596,0.18669097538742024,0.37545724737082764
HezekiahJones_BorrowedHeart,0.3740303052272892,0.23721381590770227,0.08301312259841949,0.22591169433770752,0.5374855824682814
