,test,train
accuracy,0.966779279279,1.0
auc score,0.670873131229,1.0
confusion matrix,"[[1717    3]
 [  56    0]]","[[16057     0]
 [    0  1178]]"
f1,[ 0.98310908  0.        ],[ 1.  1.]
mcc,-0.00742225805336,1.0
precision,[ 0.96841512  0.        ],[ 1.  1.]
recall,[ 0.99825581  0.        ],[ 1.  1.]
support,[1720   56],[16057  1178]
