,VR,VFA,RPA,RCA,OA
count,2.0,2.0,2.0,2.0,2.0
mean,0.42762590922257804,0.24211288404946868,0.11693956038763273,0.20630133486256388,0.4564714149195545
std,0.07579563005371516,0.0069283286090759955,0.04797922844451244,0.027733236332759866,0.11457133449177581
min,0.3740303052272892,0.23721381590770227,0.08301312259841949,0.18669097538742024,0.37545724737082764
25%,0.40082810722493367,0.23966334997858546,0.09997634149302612,0.19649615512499208,0.41596433114519105
50%,0.42762590922257804,0.24211288404946868,0.11693956038763273,0.20630133486256388,0.4564714149195545
75%,0.4544237112202225,0.24456241812035187,0.13390277928223934,0.2161065146001357,0.49697849869391797
max,0.48122151321786694,0.24701195219123506,0.15086599817684596,0.22591169433770752,0.5374855824682814
