,test,train
accuracy,0.755630630631,0.699390774587
auc score,0.694892026578,0.820996887891
confusion matrix,"[[1316  404]
 [  30   26]]","[[11128  4929]
 [  252   926]]"
f1,[ 0.85844749  0.10699588],[ 0.8111674   0.26333002]
mcc,0.0935833670199,0.255272925854
precision,[ 0.97771174  0.06046512],[ 0.97785589  0.15815542]
recall,[ 0.76511628  0.46428571],[ 0.69303108  0.7860781 ]
support,[1720   56],[16057  1178]
