,VR,VFA,RPA,RCA,OA
count,7.0,7.0,7.0,7.0,7.0
mean,0.907715848951442,0.5386398593722206,0.33983465594543805,0.413346074377623,0.4055965351632471
std,0.07598068493654456,0.1197379207051235,0.25699332967763705,0.22199603876552976,0.18897232571130215
min,0.7979480213062596,0.3285148053159245,0.1217898362438818,0.19780651398876065,0.2064048620850865
25%,0.8509716201061159,0.48697922737049376,0.16793740016909872,0.2640906315849389,0.296263162725814
50%,0.9390154298310066,0.5231209012947705,0.20446978105135707,0.28594490969629704,0.30488940812427967
75%,0.964288823531525,0.6426864229575169,0.46345799199345683,0.5444215553961538,0.4922272801538749
max,0.9865266042475451,0.6595120083388287,0.7897921899977164,0.7926467229961178,0.7509005901739864
