,test,train
accuracy,0.708746898263,0.688752196837
auc score,0.721941039814,0.77318359276
confusion matrix,"[[4018 1530]
 [ 348  552]]","[[5693 2783]
 [ 759 2145]]"
f1,[ 0.81057091  0.37022133],[ 0.76272776  0.54775281]
mcc,0.250181975215,0.361002448777
precision,[ 0.92029317  0.26512968],[ 0.88236206  0.43526786]
recall,[ 0.72422495  0.61333333],[ 0.67166116  0.73863636]
support,[5548  900],[8476 2904]
