,VR,VFA,RPA,RCA,OA
MusicDelta_CoolJazz,0.4806745670009116,0.24593931964449892,0.16709206927985415,0.20510483135824978,0.3860310928212163
HezekiahJones_BorrowedHeart,0.371057782933372,0.26873450023361967,0.06880301602262016,0.21655912419343146,0.5117022299115724
