,VR,VFA,RPA,RCA,OA
count,2.0,2.0,2.0,2.0,2.0
mean,0.4258661749671418,0.2573369099390593,0.11794754265123716,0.21083197777584062,0.44886666136639436
std,0.07751077134601876,0.01611862677293924,0.06950085607459587,0.00809940813745345,0.08886291323601508
min,0.371057782933372,0.24593931964449892,0.06880301602262016,0.20510483135824978,0.3860310928212163
25%,0.3984619789502569,0.2516381147917791,0.09337527933692866,0.2079684045670452,0.4174488770938053
50%,0.4258661749671418,0.2573369099390593,0.11794754265123716,0.21083197777584062,0.44886666136639436
75%,0.45327037098402667,0.2630357050863395,0.14251980596554567,0.21369555098463602,0.48028444563898337
max,0.4806745670009116,0.26873450023361967,0.16709206927985415,0.21655912419343146,0.5117022299115724
