,test,train
accuracy,0.710022522523,0.698520452567
auc score,0.684910902302,0.802846848627
confusion matrix,"[[1191  447]
 [  68   70]]","[[10481  4710]
 [  486  1558]]"
f1,[ 0.82222989  0.21374046],[ 0.80136096  0.37487969]
mcc,0.138104598204,0.303903372556
precision,[ 0.94598888  0.13539652],[ 0.95568524  0.24856414]
recall,[ 0.72710623  0.50724638],[ 0.689948    0.76223092]
support,[1638  138],[15191  2044]
