,test,train
accuracy,0.723790322581,0.842091388401
auc score,0.669158324836,0.920315139977
confusion matrix,"[[4097 1074]
 [ 707  570]]","[[6466  976]
 [ 821 3117]]"
f1,[ 0.82145363  0.3902773 ],[ 0.87799579  0.77624206]
mcc,0.218229457833,0.654599127858
precision,[ 0.85283097  0.34671533],[ 0.88733361  0.7615441 ]
recall,[ 0.79230323  0.44635865],[ 0.86885246  0.79151854]
support,[5171 1277],[7442 3938]
