,VR,VFA,RPA,RCA,OA
count,7.0,7.0,7.0,7.0,7.0
mean,0.9045748709382025,0.5127219091494819,0.34102075568330775,0.4153572540866574,0.4211801793728371
std,0.08861850220994942,0.13028258164930145,0.2566583612950649,0.2201105318836642,0.18669576963926734
min,0.7361384191899332,0.33014688738633713,0.1261707656051725,0.21158378149737145,0.20488546049555867
25%,0.8701609150126683,0.42348015264296524,0.1676736611479533,0.2627422574805545,0.31526035676179986
50%,0.9462405094293411,0.4932865190215294,0.2074462718191908,0.2888205024720008,0.3201717686806334
75%,0.9613983668376309,0.6331975748329391,0.4641943700325842,0.5444826283400015,0.5211596222709303
max,0.9865266042475451,0.6522645026866981,0.7897921899977164,0.7926467229961178,0.7503640683682072
