,test,train
accuracy,0.689516129032,0.690421792619
auc score,0.67872889694,0.756280940987
confusion matrix,"[[3724 1447]
 [ 555  722]]","[[5111 2331]
 [1192 2746]]"
f1,[ 0.78814815  0.41903656],[ 0.74368861  0.60920688]
mcc,0.240866186345,0.367564839081
precision,[ 0.8702968   0.33287229],[ 0.81088371  0.54087059]
recall,[ 0.72017018  0.56538763],[ 0.68677775  0.69730828]
support,[5171 1277],[7442 3938]
