,VR,VFA,RPA,RCA,OA
MusicDelta_CoolJazz,0.5814038286235187,0.3479926448053938,0.18195077484047403,0.2023701002734731,0.3572816643804298
HezekiahJones_BorrowedHeart,0.38164286232146744,0.3149911943356216,0.04748785615892119,0.1918364387732908,0.4737120338331411
