,test,train
accuracy,0.984234234234,1.0
auc score,0.537142917646,1.0
confusion matrix,"[[1748    1]
 [  27    0]]","[[16753     0]
 [    0   482]]"
f1,[ 0.99205448  0.        ],[ 1.  1.]
mcc,-0.00294908845271,1.0
precision,[ 0.98478873  0.        ],[ 1.  1.]
recall,[ 0.99942824  0.        ],[ 1.  1.]
support,[1749   27],[16753   482]
