,test,train
accuracy,0.768018018018,0.706411372208
auc score,0.625966160557,0.83330513913
confusion matrix,"[[1355  394]
 [  18    9]]","[[11791  4962]
 [   98   384]]"
f1,[ 0.86803331  0.04186047],[ 0.82333636  0.13177763]
mcc,0.0315690119726,0.178394799708
precision,[ 0.98689002  0.02233251],[ 0.99175709  0.07182941]
recall,[ 0.77472842  0.33333333],[ 0.70381424  0.7966805 ]
support,[1749   27],[16753   482]
