,VR,VFA,RPA,RCA,OA
count,7.0,7.0,7.0,7.0,7.0
mean,0.6654097144746162,0.3555343410697261,0.20093253081580192,0.28281487119038307,0.4239227184293329
std,0.15661442797662573,0.1140834492236219,0.14354634595784754,0.12042485262012788,0.10343959217938234
min,0.38183248132127406,0.21939633428619473,0.04100382511707718,0.1961891824259107,0.28241390057659344
25%,0.5955569281754529,0.2688708983853393,0.13012249896640374,0.2089186043622946,0.3840393766389994
50%,0.7064372918978913,0.3432749440543252,0.1621356845456772,0.2251408278226794,0.39243144250959094
75%,0.7762946918427084,0.43038437987965006,0.2284456632647511,0.3178600101764896,0.4709570492903866
max,0.8258949880668258,0.5275585526175839,0.48625188158554944,0.5048168590065228,0.5826208340603735
