,test,train
accuracy,0.688188039274,0.681191285229
auc score,0.655885650224,0.744491643361
confusion matrix,"[[3953 1399]
 [ 697  673]]","[[4363 2098]
 [1092 2453]]"
f1,[ 0.79044191  0.39105171],[ 0.73229272  0.60597826]
mcc,0.200506645432,0.352744855112
precision,[ 0.85010753  0.32480695],[ 0.79981668  0.53900242]
recall,[ 0.73860239  0.49124088],[ 0.67528246  0.69196051]
support,[5352 1370],[6461 3545]
