,VR,VFA,RPA,RCA,OA
Wolf_DieBekherte,0.9730122583458501,0.6377091918257506,0.6887446097194632,0.7109356073453171,0.5694128496772211
Mozart_BesterJungling,0.9246400885935769,0.7693918579326521,0.5089147286821706,0.5598006644518272,0.398159877325155
Schumann_Mignon,0.975963907950108,0.8074175969525422,0.6535997270349168,0.6755506691435721,0.46115111091479305
Handel_TornamiAVagheggiar,0.9594674962258108,0.8345110829256508,0.6350702227915275,0.6495265108193421,0.43268429820907955
Schubert_Erstarrung,0.8414682020413504,0.707742639040349,0.16585972258571055,0.2219968594608741,0.2277673921751903
MusicDelta_Gospel,0.986412422927609,0.30519934716717184,0.7897921899977164,0.7926467229961178,0.7585651873994022
Debussy_LenfantProdigue,0.8759938502086536,0.5840797916269614,0.2285086755985065,0.31201405666593457,0.30512127980055054
Mozart_DiesBildnis,0.8919987094692693,0.5955301171981466,0.23745765446039685,0.3188820777544765,0.2995541143088772
