,VR,VFA,RPA,RCA,OA
count,8.0,8.0,8.0,8.0,8.0
mean,0.9286196169702785,0.655197703083653,0.4884934413588011,0.5301691460796827,0.4315520137262836
std,0.05375281592003213,0.17010422640328096,0.24341231773696265,0.21548450824922766,0.17024016529309513
min,0.8414682020413504,0.30519934716717184,0.16585972258571055,0.2219968594608741,0.2277673921751903
25%,0.8879974946541154,0.5926675358053504,0.23522040974492428,0.31716507248234105,0.3037294884276322
50%,0.9420537924096939,0.6727259154330498,0.5719924757368491,0.6046635876355846,0.4154220877671173
75%,0.9737501707469146,0.7788982926876246,0.6623859477060534,0.6843969036940084,0.48821654560540007
max,0.986412422927609,0.8345110829256508,0.7897921899977164,0.7926467229961178,0.7585651873994022
