,VR,VFA,RPA,RCA,OA
MatthewEntwistle_DontYouEver,0.9905727923627685,0.6166755460841769,0.33460620525059664,0.47875894988066825,0.3625394562671826
MatthewEntwistle_FairerHopes,0.9929574947270582,0.7158231040860938,0.1453544489328996,0.2831301612268974,0.20915360986070594
MatthewEntwistle_TheArch,0.9957350727546412,0.5544409290840343,0.6035122930255896,0.622629202207727,0.5142209038562205
MatthewEntwistle_Lontano,0.982989908755816,0.8372080271959644,0.132545773158499,0.21632727052994138,0.14329125759700795
MusicDelta_Gospel,0.9865266042475451,0.34273723478666357,0.7897921899977164,0.7926467229961178,0.7462251858664827
MatthewEntwistle_TheFlaxenField,0.9677630915144788,0.7134781397939293,0.22575925739077793,0.31036222379174655,0.2649106437953061
MatthewEntwistle_ImpressionsOfSaturn,0.9917952485917217,0.7638750026590653,0.20511878520695567,0.2585721283370071,0.2281302789662304
