,test,train
accuracy,0.556606699752,0.948514296393
auc score,0.581411621007,0.994872025238
confusion matrix,"[[2060 1739]
 [1120 1529]]","[[4297    7]
 [ 544 5854]]"
f1,[ 0.59034246  0.51681595],[ 0.9397485   0.95505343]
mcc,0.117542774015,0.899788981247
precision,[ 0.64779874  0.46787026],[ 0.88762652  0.99880566]
recall,[ 0.54224796  0.57719894],[ 0.99837361  0.91497343]
support,[3799 2649],[4304 6398]
