,VR,VFA,RPA,RCA,OA
count,7.0,7.0,7.0,7.0,7.0
mean,0.9869057447077185,0.6491768548128468,0.3480984218518621,0.4232038084243008,0.3526387623155909
std,0.009432690397055753,0.16382116067737595,0.2528140887706102,0.21664112814988154,0.2116325577193984
min,0.9677630915144788,0.34273723478666357,0.132545773158499,0.21632727052994138,0.14329125759700795
25%,0.9847582565016806,0.5855582375841055,0.17523661706992763,0.27085114478195227,0.21864194441346818
50%,0.9905727923627685,0.7134781397939293,0.22575925739077793,0.31036222379174655,0.2649106437953061
75%,0.99237637165939,0.7398490533725796,0.46905924913809316,0.5506940760441976,0.43838018006170154
max,0.9957350727546412,0.8372080271959644,0.7897921899977164,0.7926467229961178,0.7462251858664827
