,VR,VFA,RPA,RCA,OA
count,7.0,7.0,7.0,7.0,7.0
mean,0.8090516882362271,0.4524716627157361,0.3174890370009387,0.39186756157925895,0.44400370816027823
std,0.13597347933667242,0.09368199396727697,0.2642008707535353,0.22469198630267218,0.17561297312939983
min,0.6159153469416938,0.3084635113079972,0.0967718871769206,0.1978367272947006,0.23227364812217546
25%,0.723402421377439,0.4037949603191418,0.14409661175714084,0.24488478441550987,0.33514735642827836
50%,0.8001469507714916,0.4196697276024385,0.18791329904482,0.24921804056099284,0.40619819706035587
75%,0.9116083799264011,0.5364798551581741,0.4343294011139226,0.511254007163497,0.52387282056542
max,0.9772779173327244,0.5586187691450849,0.7808860470427038,0.7837405800411053,0.7515137579520196
