,VR,VFA,RPA,RCA,OA
count,8.0,8.0,8.0,8.0,8.0
mean,0.9062029688298053,0.4622281576722633,0.47588346454594505,0.5148882583392379,0.5020488212864992
std,0.03799166202269756,0.13977901563006426,0.24581541978384314,0.2159815557180786,0.16480472990332726
min,0.8545404208194906,0.2744092170549155,0.15748495158335515,0.209434702957341,0.3017759380424623
25%,0.8910674787126671,0.3756358967119484,0.22109644127222436,0.3034898543252851,0.35982807520128945
50%,0.8998337990550447,0.45363432166079176,0.555574518748141,0.584398157738738,0.5137305960866791
75%,0.9082665309230493,0.5638771501841989,0.6473788734204956,0.6647113965539828,0.561368567618618
max,0.986412422927609,0.6605470610020634,0.7897921899977164,0.7926467229961178,0.7627040699011267
